1,左岗,1,1,1
4,总路咀,2,2,4
5,总口,2,3,5
6,紫云,2,2,6
7,秭归,2,4,7
9,淄博,3,5,9
10,资中,4,6,10
11,资阳,5,7,11
12,资溪,6,8,12
13,砖桥,7,9,13
14,祝站,2,10,14
15,驻马店,7,11,15
16,竹溪,2,12,16
17,竹瓦,2,2,17
18,竹山,2,12,18
19,诸暨,8,13,19
20,诸城,3,14,20
21,株洲,5,15,21
22,珠海,9,16,22
24,朱河,2,3,24
25,朱店,2,2,25
26,朱场,2,18,26
27,周巷,2,10,27
28,周铺,2,17,28
29,周老嘴,2,3,29
31,周口,7,11,31
32,周沟,2,3,32
33,周党,7,9,33
34,周帮,2,19,34
35,舟山,8,20,35
36,重庆,10,21,36
37,钟祥,2,22,37
38,钟铺,7,9,38
39,忠县,4,23,39
40,中庄,2,24,40
41,中洲,2,25,41
42,中州农场,2,10,42
43,中州,2,10,43
44,中一,2,2,44
45,中山,11,26,45
46,中宁,12,27,46
47,枝江口,2,4,47
48,枝江,2,4,48
49,枝城,2,4,49
50,郑州,7,11,50
51,郑道,2,28,51
52,郑场,2,19,52
53,正阳,7,29,53
54,镇平,7,30,54
55,镇江,13,31,55
56,镇海,8,32,56
57,柘城优,7,33,57
58,柘城,7,33,58
59,赵台,2,18,59
60,赵棚,2,34,60
61,赵李桥,2,35,61
62,赵畈,2,17,62
63,沼山,2,36,63
64,招远,3,37,64
65,长竹园,7,9,65
66,长治,14,38,66
67,长垣,7,39,67
68,长阳,2,4,68
69,长兴,8,40,69
70,长汀,15,41,70
71,长滩,2,22,71
72,长寿,10,21,72
73,长埫口,2,19,73
74,长沙南站,5,42,74
75,长沙东站,5,42,75
76,长沙,5,42,76
77,长坪,6,43,77
78,长岭关,2,2,78
79,长岭,2,36,79
80,长葛,7,44,80
81,长春,16,45,81
82,樟树,6,46,82
83,漳州,15,47,83
84,漳浦,15,48,84
85,章庄,6,49,85
86,张金,2,3,86
87,张家界,5,42,87
88,张家港,13,50,88
89,张家畈,2,2,89
90,张沟,2,3,90
91,张公庙,5,51,91
92,张港,2,18,92
93,湛江,9,16,93
94,占店,2,2,94
95,闸口,2,3,95
96,泽林,2,36,96
97,泽国,8,52,97
98,皂市,2,18,98
99,枣庄,3,5,99
100,枣阳,2,53,100
101,枣树店,2,2,101
102,运城,7,54,102
103,郧县,2,12,103
104,郧西,2,12,104
105,云阳,10,21,105
106,云溪,5,55,106
107,云梦口,2,10,107
108,云梦,2,10,108
109,岳阳,5,55,109
110,岳西,1,1,110
111,岳口陈场,2,18,111
112,岳口,2,18,112
113,岳池,4,56,113
114,月山,7,57,114
115,远安,2,4,115
116,袁市,2,19,116
117,沅陵,5,58,117
118,玉山,6,59,118
119,玉屏,17,60,119
120,玉环,8,52,120
121,禹州,7,61,121
122,虞城,7,33,122
123,榆林,18,62,123
124,渔洋关,2,4,124
125,渔洋,2,3,125
126,渔薪,2,18,126
127,余姚,8,32,127
128,余堰,2,2,128
129,余集,7,9,129
130,余干,6,59,130
131,余川,2,2,131
132,于都,6,63,132
133,攸县,5,15,133
134,永州,5,42,134
135,永修,6,43,135
136,永兴,2,22,136
137,永新,6,49,137
138,永顺,5,64,138
139,永隆,2,22,139
140,永康,8,65,140
141,永河,2,2,141
142,永丰,6,49,142
143,永川,10,21,143
144,永城,7,66,144
145,永安孝感,2,10,145
146,永安,15,67,146
147,应山,2,68,147
148,应城,2,10,148
149,鹰潭,6,69,149
150,英山,2,2,150
151,银川,12,70,151
152,殷祖,2,24,152
153,殷店,2,68,153
154,溢流河,2,2,154
155,益阳,5,7,1328
156,易家岭,2,22,156
157,易河,2,2,157
158,义乌,8,65,158
159,义堂,2,10,159
160,义和,2,10,160
161,宜兴,13,71,161
162,宜林,2,2,162
163,宜黄,6,8,163
164,宜丰,6,46,164
165,宜都,2,4,165
166,宜春,6,69,166
167,宜城,2,4,167
168,宜昌,2,4,168
169,仪征,13,72,169
170,叶集,1,73,170
171,叶河,2,2,171
173,野三关,2,4,173
174,瑶池温泉,2,35,174
175,姚集,2,17,175
176,洋港,2,24,176
177,杨柳河,2,2,177
178,杨林,2,25,178
179,杨家丰,2,22,179
180,杨峰,2,3,180
181,杨丰,2,22,181
182,杨店,2,10,182
183,杨场,2,22,183
184,阳新,2,24,184
186,阳逻,2,17,186
187,羊楼司,5,55,187
188,扬州,13,31,188
189,扬中,13,75,189
190,燕窝,2,3,190
191,雁门口,2,22,191
192,兖州,3,76,192
193,盐池河,2,77,193
194,盐城,13,31,194
195,研子,2,17,195
196,沿江,2,35,196
197,严华,2,10,197
198,延安,18,62,198
199,烟台,3,5,199
200,雅畈,2,4,200
201,寻乌,6,63,201
202,旋峰寺,2,17,202
203,宣州,1,78,203
204,宣化,2,10,204
205,宣恩,2,74,205
206,宣城,1,79,206
207,许昌,7,44,207
208,徐州,13,31,208
209,徐闻,9,80,209
210,徐古,2,17,210
211,盱眙,13,81,211
212,宿州,1,79,212
213,宿松口,1,1,213
214,宿松,1,1,214
215,宿迁,13,31,215
216,修水,6,43,216
217,休宁,1,82,217
218,幸福,2,17,218
219,兴山,19,83,219
220,兴隆,20,84,220
221,兴化,13,85,221
222,兴安,19,83,222
223,邢台,20,86,223
224,星子,6,43,224
225,星团铺,2,24,225
226,星潭铺,2,24,226
227,信阳,7,11,227
228,新洲邾城,2,17,228
229,新洲长岭,2,17,229
230,新洲刘集,2,17,230
231,新洲火车站,2,17,231
232,新洲低速,2,17,10400007
233,新郑,7,11,233
234,新余,6,69,234
235,新野,7,30,235
236,新阳,2,68,236
237,新堰,2,25,237
238,新新集,2,17,238
239,新乡,7,39,239
240,新县,7,9,240
241,新下陆,2,24,241
242,新泰,3,87,242
243,新市,20,88,243
244,新荣站,2,17,244
245,新桥,2,2,245
246,新宁,5,89,246
247,新里仁,2,19,247
248,新晃,5,58,248
249,新化,5,90,249
250,新沟,2,3,250
251,新店,5,89,251
252,新城,2,10,252
253,新厂,2,3,253
254,新昌,8,13,254
255,新蔡,7,29,255
256,新安,7,91,256
257,辛店,2,10,257
258,辛冲,2,17,258
259,孝子店,2,68,259
260,孝感,2,10,260
261,孝昌,2,10,261
262,晓关,2,74,262
263,小悟,2,10,263
264,小林,2,68,264
265,小界岭,2,2,265
266,小河,2,10,266
267,小港,2,28,267
268,小阜,2,22,268
269,小池,2,2,269
270,小板,2,18,270
271,猇亭,2,4,271
272,萧山,8,92,272
273,肖岭,2,35,273
274,肖港,2,10,274
275,象山,8,32,275
276,项城,7,93,276
277,襄阳北,2,53,277
278,襄阳,2,53,278
279,襄县,7,44,279
280,襄樊府河,2,53,280
281,湘阴,5,55,281
282,湘乡,5,94,282
283,湘潭,5,94,283
284,湘湖,8,92,284
285,咸宁,2,17,285
286,咸丰,2,74,286
287,咸安高速,2,35,287
288,咸安,2,35,288
289,仙桃陈场,2,19,289
290,仙桃,2,19,290
291,仙仁渡,2,53,291
292,仙居,8,52,292
293,夏庄,7,9,293
294,夏邑,7,33,294
295,夏店,2,10,295
296,夏场,2,18,296
297,夏坳,2,2,297
298,下新河,2,28,298
299,下辛店,2,10,299
300,下陆,2,24,300
301,下查,2,19,301
302,淅河,2,68,302
303,浠水,2,2,303
304,息县,7,9,304
305,西峡,7,30,305
306,西平,7,29,306
307,西宁,21,95,307
308,西流河,2,19,308
309,西江,2,25,309
310,西河,2,2,310
312,雾渡河,2,4,312
313,婺源,6,59,313
314,舞阳,7,97,314
315,武重,2,17,315
316,武夷山,15,98,316
317,武穴,2,2,317
318,武胜关,7,9,318
319,武宁,6,43,319
320,武陵源,5,99,320
321,武汉,2,17,321
322,武冈,5,89,322
323,武当山,2,12,323
324,武昌,2,17,324
325,伍市口,5,51,325
326,五三农场,2,22,326
328,五里,2,22,328
329,五峰,2,4,329
330,梧州,22,100,330
331,吴江,13,50,331
332,芜湖,1,101,332
333,无锡北,13,71,333
334,无锡,13,71,334
335,无为,1,102,335
336,巫溪,10,21,336
337,巫山,10,21,337
338,乌鲁木齐,23,103,338
339,乌林,2,28,339
340,卧龙,2,34,340
341,涡阳,1,104,341
342,翁家店,2,17,342
343,文登,3,105,343
344,文成,8,106,344
345,温州,8,92,345
346,温泉谷,2,35,346
348,温岭,8,52,348
349,魏咀,2,17,349
350,卫店,2,10,350
351,潍坊,3,5,351
352,韦源口,2,24,352
353,威家,6,43,353
354,威海,3,5,354
355,望江,1,1,355
356,网市,2,3,356
357,王英,2,24,357
358,王家月,2,35,358
359,王家湾,2,17,359
360,王家店,2,2,360
361,王店,2,10,361
362,汪桥,2,3,362
363,汪集,2,17,363
364,汪岗,2,2,364
365,汪场,2,18,365
366,万州,10,21,366
367,万载,6,46,367
368,万县,10,108,368
369,万全,2,28,369
370,万年,6,59,370
371,万和,2,68,371
372,万福店口,2,68,372
373,万城,2,4,373
374,湾潭,2,4,374
375,屯溪,1,82,375
376,团风,2,2,376
377,团陂联罗田,2,2,377
378,团陂,2,2,378
379,吐鲁番,23,109,379
380,土城,10,21,380
381,涂巷,2,17,381
382,涂店,2,10,382
383,徒山,2,10,383
384,铜钟,7,9,384
385,铜陵,1,110,385
386,铜鼓,6,46,386
387,桐乡,8,111,387
388,桐庐,8,92,388
389,桐城口,1,1,389
390,桐城,1,1,390
391,桐柏,7,30,391
392,通山,2,35,392
393,通海口,2,3,393
394,通城,2,35,394
395,汀泗桥,2,35,395
396,铁山,2,24,396
397,田二河,2,18,397
398,天拄山,1,1,398
399,天长,1,112,399
400,天堂寨,2,2,400
401,天台,8,52,401
402,天水,24,113,402
403,天沐温泉,6,43,403
404,天门新堰,2,18,404
405,天门,2,18,405
406,天津,25,114,406
407,天河机场,2,17,407
408,木兰天池,2,17,408
409,桃源,5,51,409
410,桃江,5,7,410
411,桃花,2,2,411
412,唐镇,2,68,412
413,唐县镇,2,68,413
414,唐县,2,53,414
415,唐山,20,115,415
416,唐河,7,30,416
417,汤池,2,10,417
418,檀树岗,2,2,418
419,檀树,2,2,419
420,檀林,2,2,420
421,泰州,13,31,421
422,泰兴,13,85,422
423,泰山,3,87,423
424,泰宁,15,67,424
425,泰安,3,5,425
426,太子山,2,22,426
427,太子,2,24,427
428,太原,14,116,428
429,太平山,6,46,429
430,太平,11,117,430
431,太康,7,118,431
432,太湖口,1,1,432
433,太湖,1,1,433
434,太和,2,24,434
435,太仓,13,50,435
436,台州,8,92,436
437,台前,7,119,437
438,台南,2,2,438
439,台儿庄,3,120,439
440,孙桥,2,22,440
441,遂平,7,29,441
442,遂川,6,49,442
443,随州口,2,68,443
444,随州服务区,2,68,444
445,随州,2,68,445
446,绥宁,5,89,446
447,睢县,7,33,447
448,苏州,13,31,448
449,宋墙,2,2,449
450,宋集,2,121,450
451,宋河,2,22,451
452,宋埠,2,2,452
453,松滋,2,3,453
454,松溪,15,98,454
455,松山,26,122,455
456,松门,8,123,456
457,松柏,2,124,457
458,泗洪,13,125,458
459,寺坪,2,12,459
460,四合庄,2,17,460
461,四姑,2,17,461
462,顺德,9,126,462
463,顺昌,15,98,463
465,双庙关,2,2,465
466,双轮,7,9,466
467,双河,2,22,467
469,双沟,2,53,469
470,双峰,5,90,470
471,沭阳,13,125,471
472,舒城,1,73,472
473,柿子,2,17,473
474,石柱,10,21,474
475,石首,2,3,475
476,石狮,15,127,476
477,石门,5,51,477
478,石龙,7,128,478
479,石家庄,20,115,479
480,石花,2,53,480
481,石河,2,18,481
482,石城,6,63,482
483,十堰,2,12,483
484,施岗,2,17,484
485,嵊州,8,13,485
486,盛泽,13,50,486
487,盛滩,2,10,487
488,胜天农庄,2,17,488
489,胜利,2,2,489
490,沈阳,11,129,490
492,沈丘,7,130,492
493,沈家门,8,20,493
494,神农架,2,124,494
496,深圳,9,16,496
497,莘县,3,131,497
498,申津渡,2,3,498
499,射阳,13,132,499
500,社旗,7,30,500
501,绍兴,8,13,501
502,邵阳,5,89,502
503,邵武,15,98,503
504,邵东,5,89,504
505,韶关,9,16,505
506,上虞,8,13,506
507,上新集,2,10,507
508,上饶,6,59,508
509,上栗,6,133,509
510,上海,27,134,510
511,上高,6,46,511
512,上巴河,2,2,512
513,商州,18,135,513
515,商丘,7,11,515
516,商南,18,135,516
517,商城,7,9,517
518,汕尾,9,16,518
519,汕头,9,16,519
520,山阳,18,135,520
521,山口,2,35,521
522,山海关,20,137,522
523,厦门,15,47,523
524,砂子岗,2,68,524
525,沙子岗,2,2,525
526,沙洋,2,22,526
527,沙县,15,67,527
528,沙窝,7,9,528
529,沙市,2,3,529
530,沙坪,2,35,530
531,沙口,2,28,531
532,沙湖堤,2,35,532
533,沙湖,2,19,533
534,沙河,20,86,534
535,沙岗,2,3,535
536,沙道观,2,3,536
537,沙道,2,74,537
538,桑植,5,99,538
539,散花,2,2,539
540,三阳,2,68,540
542,三峡大坝区,2,4,542
543,三峡,2,4,543
544,三明,15,47,544
545,三庙河,2,2,545
546,三门峡,7,138,546
547,三门,8,52,547
548,三里岗,2,22,548
549,三里冈,2,68,549
550,三里畈,2,2,550
551,三块碑,2,10,551
552,三角山漂流,2,2,552
553,三江温泉,2,35,553
554,三伏潭,2,19,554
555,三店,2,17,555
556,三叉路,2,2,556
557,三陂,2,68,557
558,箬横,8,123,558
559,瑞金,6,63,559
560,瑞昌,6,43,560
561,瑞安,8,106,561
562,乳山,3,105,562
563,汝州,7,128,563
564,如皋,13,139,564
565,荣家湾,5,55,565
566,日照,3,5,566
567,仁和集,7,9,567
568,仁和,2,22,568
569,饶平,9,140,569
570,群建,2,17,570
571,确山,7,29,571
572,泉州,15,47,572
573,全州,22,141,573
574,全椒,1,112,574
575,曲阜,3,76,575
576,衢州,8,92,576
577,瞿家湾,2,3,577
578,清远,9,16,578
579,青州,3,14,579
580,青阳,1,142,580
581,青田,8,143,581
582,青岛,3,5,582
583,秦皇岛,20,115,583
584,钦州,22,100,584
585,桥市,2,3,585
586,黔江,10,21,586
587,潜山口　,1,1,587
588,潜山,1,1,588
589,潜江口,2,144,589
590,潜江,2,144,590
591,钱桥,1,1,591
592,钱场,2,22,592
593,铅山,6,59,593
594,启东,13,139,594
595,杞县,7,145,595
596,蕲春,2,2,596
597,歧亭,2,2,597
598,祁门,1,82,598
599,祁东,5,146,599
600,齐齐哈尔,19,147,600
601,七里坪,2,2,601
602,七里湖,2,22,602
603,七道河,2,2,603
604,普宁,9,148,604
605,普济,2,3,605
606,浦口,13,31,606
607,浦江,8,65,607
608,濮阳,7,119,608
609,莆田,15,47,609
610,泼河,7,9,610
611,萍乡,6,69,611
612,坪坝,2,22,612
613,平舆,7,9,613
614,平阳,8,106,614
615,平林,2,68,615
616,平凉,24,149,616
617,平江,5,55,1327
618,平湖,8,111,618
619,平度,3,150,619
620,平顶山,7,11,620
621,邳州,13,151,621
622,蓬莱,3,37,622
623,彭泽,6,43,623
624,彭水,10,21,624
625,彭市,2,18,625
626,彭家坳,2,17,626
627,彭店,2,10,627
628,朋兴店,2,10,628
629,泡桐,2,17,629
630,盘石岭,2,22,630
631,盘锦,11,129,631
632,潘湾,2,35,632
633,潘塘,2,17,633
634,簰洲,2,35,634
635,牌形地,2,2,635
636,排市,2,2,636
637,藕池,2,3,637
638,宁远,5,152,638
639,宁乡,5,42,639
640,宁陵,7,33,640
641,宁海,8,32,641
642,宁国,1,78,642
643,宁都,6,63,643
644,宁波,8,92,644
645,内乡,7,30,645
646,内江,4,23,646
647,南漳,2,53,647
648,南岳,5,146,648
649,南阳,7,11,649
650,南县,5,7,650
651,南溪,4,153,651
652,南通,13,31,652
653,南坪,2,3,653
654,南平,15,47,654
655,南宁,22,100,655
656,南陵,1,101,656
657,南京,13,31,657
658,南江,4,154,658
659,南丰,6,8,659
660,南充,4,23,660
661,南城,6,8,661
662,南昌东,6,69,662
663,南昌,6,69,663
664,南岸,2,35,664
665,南安,15,127,665
666,木子店,2,2,666
667,木鱼,2,124,667
668,木兰山,2,17,668
669,木兰湖,2,17,669
670,木兰草原,2,17,670
671,木港,2,3,671
672,磨盘,2,17,672
673,明山,11,155,673
674,明港,7,9,674
675,闽清,15,47,675
676,闽侯,15,47,676
677,闵集,2,10,677
678,民权,7,33,678
679,民航站,2,17,679
680,民安,2,17,680
681,庙头,2,10,681
682,苗子湖,2,18,682
683,沔城,2,19,683
684,绵阳,4,156,684
685,泌阳,7,29,685
686,觅儿,2,2,686
687,汨罗,5,55,687
688,米积台,2,3,688
689,弥市,2,3,689
690,蒙城,1,104,690
691,梅州,9,16,691
692,梅川,2,2,692
693,帽子店,2,17,693
694,茅坪,2,4,694
695,毛咀,2,19,695
696,毛市,2,3,696
697,毛坪,2,35,697
698,毛李,2,22,698
700,脉旺,2,18,700
701,脉南,2,25,701
702,麦市,2,35,702
703,码头镇,6,43,703
704,玛雅海滩酒店,2,17,704
705,马湾,2,18,705
706,马桥,2,35,706
707,马庙,2,2,707
708,马口,2,25,708
709,马畈,7,9,709
710,马店,2,22,710
711,马鞍山,1,79,711
712,马鞍,2,25,712
713,麻洋,2,18,713
714,麻城,2,2,714
715,绿葱坡,2,74,715
716,吕王,2,10,716
717,漯河,7,11,717
718,骆店,2,68,718
719,洛阳店,7,30,719
720,洛阳,7,11,720
721,螺山,2,28,721
722,罗田,2,2,722
723,罗山,7,9,723
724,罗汉寺,2,22,724
725,罗店,2,22,725
726,沦河桥,2,10,726
727,潞市,2,22,727
728,路桥,8,52,728
729,路口,2,35,729
730,泸溪,5,64,730
731,庐山北,6,43,731
732,庐山,6,43,732
733,庐江,1,102,733
734,芦溪,6,133,734
735,卢市,2,18,735
736,娄底,5,42,736
737,隆回,5,89,737
738,隆昌,4,6,738
739,龙岩,15,47,739
740,龙尾山,2,18,740
741,龙湾,2,3,741
742,龙潭寺,7,9,742
743,龙山,16,96,743
744,龙泉,8,143,744
745,龙门,9,158,745
746,龙口,3,37,746
747,龙港,11,159,747
748,龙感湖,2,2,748
749,龙川,9,160,749
750,六指,2,17,750
751,六合垸,2,3,751
752,六合集,7,9,752
753,六合,13,31,753
754,六安,1,79,754
755,柳州,22,100,755
756,柳市,8,161,756
757,柳林,14,162,757
758,柳河,16,163,758
759,柳陂,2,12,759
760,浏阳,5,42,760
761,刘家场,2,3,761
762,刘集,2,10,762
763,灵溪,8,106,763
764,灵山,7,9,764
765,淋山河,2,2,765
766,临淄,3,164,766
767,临颖,7,97,767
768,临沂,3,5,768
769,临湘服务区,5,55,769
770,临泉,1,165,770
771,临澧,5,51,771
772,临海,8,52,772
773,临川,6,8,773
774,临安,8,92,774
775,邻水,4,56,775
776,聊城,3,5,776
777,两路口,2,2,777
778,梁子湖,2,36,778
779,梁山,3,76,779
780,梁平,10,21,780
781,凉亭,7,9,781
782,涟源,5,90,782
783,莲花,6,133,783
784,连云港,13,31,784
785,溧阳,13,166,785
786,溧水,13,31,786
787,栗梓园,2,17,787
788,利辛,1,104,788
789,利川,2,74,789
790,丽水,8,92,790
791,立新,2,10,791
792,历山,2,53,792
793,醴陵,5,15,793
794,澧县,5,51,794
795,澧陵,5,15,795
796,里潭,2,25,796
797,李家河,2,74,797
798,新洲李集,2,10,798
799,李场,2,18,799
800,礼溪,6,43,800
801,黎川,6,8,801
802,冷水江,5,90,802
803,雷湾,2,10,803
804,雷公塔,5,51,804
805,乐清,8,106,805
806,乐平,6,167,806
807,老湾,2,28,807
808,老里仁,2,19,808
809,老虎山,2,10,809
810,老河口,2,53,810
811,老官,2,35,811
812,榔头,2,10,812
813,榔坪,2,4,813
814,廊坊,20,115,814
815,阆中,4,168,815
816,蓝田,18,62,816
817,蓝山,5,152,817
818,兰州,24,149,818
819,兰考,7,145,819
820,莱州,3,37,820
821,莱阳,3,37,821
822,莱芜,3,5,822
823,来凤,2,74,823
824,来宾,22,100,824
825,拉萨,28,169,825
826,昆山,13,50,826
827,昆明,29,170,827
828,匡河,2,2,828
829,柯桥,8,13,829
830,靠山店,2,17,830
831,凯里,17,171,831
832,开县,10,172,832
833,开封,7,145,833
834,君山,5,55,834
835,均川,2,68,835
836,军垦,2,24,836
837,句容,13,75,837
838,旧口,2,22,838
839,旧街,2,17,839
840,旧港,2,10,840
841,九资河,2,2,841
842,九真,2,18,842
843,九江,6,43,843
844,九华山,1,142,844
845,九宫山,2,35,845
846,静山,2,17,846
847,靖江,13,85,847
848,靖边,18,173,848
849,靖安,6,46,849
850,景德镇,6,69,850
851,荆州口,2,3,851
852,荆州,2,3,852
853,荆门,2,22,853
854,京山,2,22,854
855,缙云,8,143,855
856,晋江,15,127,856
857,晋城,14,116,857
858,进贤,6,69,858
859,锦州,11,129,859
860,津市,5,51,860
861,金寨,1,73,861
862,金乡,3,76,862
863,金溪,6,8,863
864,金坛,13,166,864
865,金台,2,17,865
866,金牛,2,24,866
867,金咀,2,17,867
868,金家墩站,2,17,868
869,金华,8,92,869
870,界子墩,2,2,870
871,界水岑,2,35,871
872,界首,1,165,872
873,界牌,2,10,873
874,界河,2,17,874
875,揭阳,9,16,875
876,揭西,9,148,876
877,接官,2,10,877
878,焦作,7,11,878
879,椒园,2,74,879
880,椒江,8,52,880
881,胶州,3,150,881
882,胶南,3,150,882
883,蒋湖,2,18,883
884,蒋场,2,10,884
885,姜堰,13,85,885
886,姜大,2,17,886
887,将乐,15,67,887
888,江阴,13,71,888
889,江夏,2,17,889
890,江陵,2,3,890
891,江口,17,174,891
892,江都,13,72,892
893,江北,2,22,893
894,箭河,7,9,894
895,建阳,15,98,895
896,建始,2,74,896
897,建瓯,15,98,897
898,建军,2,18,898
899,建湖,13,132,899
900,简阳,4,175,900
901,监利,2,3,901
902,贾庙,2,2,902
903,贾店,2,22,903
904,嘉鱼,2,35,904
905,嘉兴,8,92,905
906,嘉善,8,111,906
907,济宁,3,5,907
908,济南,3,5,908
909,季店,2,10,909
910,即墨,3,150,910
911,吉水,6,49,911
912,吉首,5,64,912
913,吉林,16,45,913
914,吉安,6,49,914
915,鸡公山,7,9,915
916,机场站,2,17,916
919,霍邱,1,73,919
921,惠州,9,16,921
922,惠安,15,127,922
923,会昌,6,63,923
924,回龙,2,10,924
925,潢川,7,9,925
926,黄州,2,2,926
927,黄站,2,10,927
928,黄岩,8,52,928
929,黄土岗,7,9,929
930,黄潭,2,18,930
931,黄石,2,24,931
932,黄山庙,2,3,932
933,黄山,1,82,933
934,黄颡口,2,24,934
935,黄梅口,2,2,935
936,黄梅,2,2,936
937,黄金口,2,3,937
938,黄金湖,2,24,938
939,黄家桥,2,10,939
940,黄家口,2,28,940
941,黄鹤楼站,2,17,941
942,黄海,8,52,942
943,黄果树,17,171,943
944,黄冈,2,2,944
945,黄岛,3,150,945
946,长岭,2,17,946
947,前川,2,17,947
948,黄陂李集,2,17,948
949,黄陂,2,17,949
950,荒湖,2,3,950
951,欢乐谷,2,17,951
952,淮阴,13,81,952
953,淮阳,7,118,953
954,淮南,1,79,954
955,淮河,2,68,955
956,淮滨,7,9,956
957,淮北,1,79,957
958,淮安,13,31,958
959,怀宁口,1,1,959
960,怀宁,1,1,960
961,怀化,5,42,961
962,化工,2,10,962
963,华严,2,10,963
964,华容,2,36,964
965,华美达天禄酒店,2,17,965
966,华河,2,2,966
967,华埠,8,176,967
968,花垣,5,64,968
969,花园,2,10,969
970,花西,2,10,970
971,花石,2,17,971
972,花桥,2,2,972
973,护镇,2,10,973
974,虎门,9,177,974
975,湖州,8,92,975
976,湖口,6,43,976
977,胡泗,2,24,977
978,胡市,2,22,978
979,胡集,2,178,979
980,胡场,2,19,980
981,呼和浩特,26,179,981
983,后湖,2,3,983
984,后港,2,22,984
985,侯马,14,181,985
986,洪狮,2,28,986
987,洪山,2,17,987
988,洪湖,2,3,988
989,洪港,2,35,989
990,宏基站,2,17,990
991,红岩寺,2,74,991
992,红桥,2,28,992
993,红旗,2,17,993
994,红花套西,2,4,994
995,红花套,2,4,995
996,红光,2,35,996
997,红岗山,2,17,997
998,红岗,2,17,998
999,红安七里,2,2,999
1000,红安八里,2,2,1000
1001,红安,2,2,1001
1002,衡阳,5,146,1002
1003,衡山,5,146,1003
1004,横山,2,17,1004
1005,横林,2,18,1005
1006,横沟桥,2,35,1006
1007,黑流,2,18,1007
1009,鹤峰,2,74,1009
1010,鹤壁,7,11,1010
1011,贺胜桥,2,35,1011
1012,菏泽,3,5,1012
1013,河源,9,16,1013
1014,河铺,2,2,1014
1015,河口,2,10,1015
1016,和县,1,182,1016
1017,和平,2,17,1017
1019,合口,5,51,1019
1020,合肥,1,79,1020
1021,浩口,2,144,1021
1022,郝穴,2,3,1022
1023,杭州,8,92,1023
1024,汉中,18,183,1024
1025,汉阳客运站,2,17,1025
1026,汉阳,2,17,1026
1027,汉寿,5,51,1027
1028,汉南,2,17,1028
1029,汉口火车站,2,17,1029
1030,汉川新堰,2,10,1030
1031,汉川,2,10,1031
1032,韩集,2,10,1032
1033,含山,1,102,1033
1034,邯郸,20,184,1034
1035,海阳,3,37,1035
1036,海盐,8,111,1036
1037,海门,13,139,1037
1038,海口,30,185,1038
1039,海安,13,139,1039
1040,哈尔滨,19,147,1040
1041,郭河,2,3,1041
1042,滚子河,2,10,1042
1043,桂林,22,100,1043
1044,贵阳,17,171,1044
1045,贵溪,6,186,1045
1046,贵港,22,100,1046
1047,贵池,1,142,1047
1048,广州,9,16,1048
1049,广水镇,2,68,1049
1051,广水路口,2,10,1051
1052,广水口,2,68,1052
1053,广水,2,68,1050
1054,广华寺,2,144,1054
1055,广华,2,22,1055
1056,广丰,6,59,1056
1057,广德,1,78,1057
1058,广大路,2,10,1058
1059,广昌,6,8,1059
1060,广安,4,56,1060
1061,光泽,15,98,1061
1062,光山,7,9,1062
1063,灌云,13,187,1063
1064,官塘口,2,35,1064
1065,官塘,2,17,1065
1066,官桥,2,17,1066
1067,官坊,2,12,1067
1068,固原,12,70,1068
1069,固始,7,9,1069
1070,谷城,2,53,1070
1071,古丈,5,64,1071
1072,古田,15,188,1072
1073,古琴台,2,17,1073
1074,龚家渡,2,17,1074
1075,龚场,2,3,1075
1076,公安,2,3,1076
1077,高邮,13,72,1077
1078,高铁站,2,17,1078
1080,高坪,4,168,1080
1081,高平,14,189,1081
1082,高密,3,14,1082
1083,高陵,18,62,1083
1084,高岚,2,4,1084
1085,高基庙,2,3,1085
1086,高河,1,1,1086
1087,高观,2,25,1087
1088,高港,13,85,1088
1089,高安,6,46,1089
1090,赣州,6,69,1090
1091,干驿,2,18,1091
1093,甘棠,2,17,1093
1094,富阳,8,92,1094
1095,富池,2,24,1095
1096,傅家坡站,2,17,1096
1097,赋春,6,59,1097
1098,复兴场,5,51,1098
1099,复兴,20,184,1099
1100,阜阳,1,79,1100
1101,阜宁,13,132,1101
1102,阜南,1,165,1102
1103,付桥,2,2,1103
1104,府场,2,3,1104
1105,抚州,6,69,1105
1106,福州,15,47,1106
1107,福星,2,10,1107
1108,福田河,2,2,1108
1109,福田,2,3,1109
1110,福清,15,47,1110
1111,福鼎,15,188,1111
1112,涪陵,10,21,1112
1113,浮屠街,2,24,1113
1114,洑水,2,68,1114
1115,夫子河,2,17,1115
1116,奉节,10,21,1116
1117,奉化,8,32,1117
1118,凤集,2,10,1118
1119,凤凰,5,64,1119
1120,峰口,2,3,1120
1121,枫林,2,24,1121
1122,丰山阳新,2,24,1122
1123,丰山孝感,2,10,1123
1124,丰乐,1,1,1124
1125,丰城,6,46,1125
1126,份子,2,17,1126
1127,汾水,2,18,1127
1128,分宜,6,190,1128
1129,分盐,2,3,1129
1130,分水,2,10,1130
1131,房县,2,12,1131
1132,防城港,22,100,1132
1133,芳畈,2,10,1133
1134,方高坪,2,2,1134
1135,方店,2,10,1135
1136,方城,7,30,1136
1137,方安,2,10,1137
1138,范县,7,119,1138
1139,繁昌,1,101,1139
1140,二屋岗,2,2,1140
1141,二河,2,10,1141
1142,二程,2,2,1142
1143,恩施,2,74,1143
1144,鄂州,2,36,1144
1145,多宝,2,18,1145
1146,敦厚,2,19,1146
1147,渡普,2,35,1147
1148,杜湾,2,22,1148
1149,都昌,6,43,1149
1150,剅口,2,3,1150
1151,洞口,5,89,1151
1152,垌冢,2,10,1152
1153,东至,1,142,1153
1154,东岳庙,5,51,1154
1155,东营,3,191,1155
1156,东兴,22,192,1156
1157,东乡,6,8,1157
1158,东台,13,132,1158
1159,东双河,7,9,1159
1160,东胜,26,193,1160
1161,东桥,2,22,1161
1162,东马坊,2,10,1162
1163,东莞,9,177,1163
1164,东港,11,194,1164
1165,东城湾,2,17,1165
1166,东安,10,21,1166
1167,定远,1,112,1167
1168,定西,24,149,1168
1169,定南,6,63,1169
1170,定海,8,20,1170
1171,丁集,2,10,1171
1172,丁埠,1,73,1172
1173,垫江,10,21,1173
1174,邓州,7,30,1174
1175,德州,3,5,1175
1176,德安,6,43,1176
1177,道口,7,119,1177
1178,道观河,2,17,1178
1179,当阳学,2,4,1179
1180,当阳,2,4,1180
1181,但店,2,2,1181
1182,郸城,7,118,1182
1183,丹阳,13,75,1183
1184,丹江口,2,12,1184
1185,岱山,8,20,1185
1186,代市,2,28,1186
1188,大支坪,2,74,1188
1189,大垸,2,3,1189
1190,大余湾,2,17,1190
1191,大冶,2,24,1191
1192,大新,2,10,1192
1193,大悟铁寨,2,10,1193
1194,大悟刘集,2,10,1194
1195,大悟,2,10,1195
1196,大王,2,24,1196
1197,大同湖,2,28,1197
1198,大同,14,195,1198
1199,大墅,13,132,1199
1200,大沙湖,2,3,1200
1201,大沙,2,3,1201
1202,大崎,2,2,1202
1203,大连,11,26,1203
1204,大理,29,196,1204
1205,大口,2,28,1205
1206,大金镇,2,2,1206
1207,大金,2,2,1207
1208,大河岸,2,2,1208
1209,大丰,13,132,1209
1210,大板,2,18,1210
1211,打雁,2,25,1211
1212,达义,2,10,1212
1213,达权店,7,9,1213
1214,枞阳,1,1,1214
1215,慈溪,8,32,1215
1216,慈利,5,99,1216
1217,椿树,2,2,1217
1218,滁州,1,112,1218
1219,崇阳,2,35,1219
1220,崇仁,6,8,1220
1221,赤峰,26,122,1221
1223,赤壁,2,35,1223
1224,尺八,2,3,1224
1225,池州,1,79,1225
1226,澄海,9,197,1226
1227,程集,2,3,1227
1228,乘马岗,2,2,1228
1229,城口,10,21,1229
1230,城隍,2,10,1230
1231,承德,20,84,1231
1232,成都,4,23,1232
1233,陈巷,2,68,1233
1234,陈集,2,22,1234
1235,陈场天门,2,18,1235
1236,陈场,2,18,1236
1237,沉湖,2,25,1237
1238,郴州,5,42,1238
1239,潮州,9,16,1239
1240,潮阳,9,197,1240
1241,巢湖,1,79,1241
1242,常州,13,31,1242
1243,常熟,13,50,1243
1244,常山,8,176,1244
1245,常德,5,42,1245
1246,柴湖,2,178,1246
1247,岔马路,2,17,1247
1248,汊河,2,3,1248
1249,茶棚,2,18,1249
1250,茶陵,5,15,1250
1251,曾口,2,18,1251
1252,漕河,2,2,1252
1253,曹武,2,22,1253
1254,曹市,2,28,1254
1255,曹大,2,10,1255
1256,曹场,2,22,1256
1257,苍山,3,198,1257
1258,苍南,8,106,1258
1259,仓埠,2,17,1259
1260,蔡榨,2,17,1260
1261,蔡家榨,2,17,1261
1262,蔡家岗,2,17,1262
1263,蔡店河,2,2,1263
1264,蔡店,2,17,1264
1265,蔡甸,2,17,1265
1266,埠南,1,165,1266
1267,埠河,2,3,1267
1269,滨州,3,5,1269
1270,标云岗,2,2,1270
1271,毕铺,2,17,1271
1272,北仑,8,32,1272
1273,北口,2,3,1273
1274,北京西,31,199,1274
1275,北京,31,199,1275
1276,北海,22,100,1276
1277,豹獬,2,17,1277
1278,保康,2,53,1278
1279,保靖,5,64,1279
1280,保丰,2,12,1280
1281,保定,20,115,1281
1282,宝应,13,72,1282
1283,宝鸡,18,62,1283
1284,宝丰,7,128,1284
1285,包信,7,29,1285
1286,包头,26,179,1286
1287,蚌埠,1,79,1287
1288,板桥,2,121,1288
1289,班竹园,2,2,1289
1290,柏林,2,17,1290
1291,柏墩,2,35,1291
1292,白义,2,35,1292
1294,白沙,2,24,1294
1295,白雀,7,9,1295
1296,白霓,2,35,1296
1297,白庙,2,3,1297
1298,白马,2,3,1298
1299,白螺,2,3,1299
1300,白岭,6,43,1300
1301,白莲,2,2,1301
1302,白果,4,23,1302
1303,白沟,20,88,1303
1304,霸州,20,200,1304
1305,霸县,20,200,1305
1306,巴驿,2,2,1306
1307,巴河,2,2,1307
1308,巴东,2,74,1308
1309,八里湖,2,2,1309
1310,八里,2,2,1310
1311,敖江,15,47,1311
1312,鞍山,11,201,1312
1313,安义,6,69,1313
1314,安阳,7,202,1314
1315,安乡,5,51,1315
1316,安庆,1,1,1316
1317,安平,20,203,1317
1320,安陆,2,10,1320
1321,安康,18,204,1321
1322,安居口,5,55,1322
1323,安吉,8,40,1323
1324,安化,5,7,1324
1325,安福,6,49,1325
1326,龙口（洪湖）,2,3,1326
1327,西安,18,62,1329
1328,三都,6,43,1330
1329,沿渡河,2,74,1331
1330,澧溪,6,43,1332
1331,来凤（转接）,2,74,1333
1332,补万州,10,21,1334
1333,蒋峪,2,53,1335
1334,县河,18,204,1367
1335,天柱山（潜山）,1,1,1368
1336,赵公口（北京）,31,199,1369
1337,龙坪,2,2,1370
1338,马坪,2,68,1371
1339,余店,2,68,1372
1340,八里湾,2,2,1373
1341,柴胡,2,22,1374
1342,五里铺,2,22,1375
1343,杨集,2,22,1376
1344,戴家场,2,3,1377
1345,红旗村,2,3,1380
1346,调关,2,3,1378
1347,新嘴（新沟）,2,3,1379
1348,金场,2,18,1381
1349,连三楼,2,17,1382
1350,三里,2,17,1383
1351,四勿,2,17,1384
1353,长岭岗,2,17,1386
1354,曾店,2,10,1387
1355,陈河,2,10,1388
1356,大悟河口,2,10,1389
1357,倒店,2,10,1390
1358,道桥,2,10,1391
1359,东新,2,10,1392
1360,陡山,2,10,1393
1362,高铺,2,10,1395
1363,隔蒲,2,10,1396
1364,胡金店,2,10,1397
1365,黄渡,2,10,1398
1366,清明河,2,10,1399
1367,上岗,2,10,1400
1368,吴铺,2,10,1401
1369,伍洛,2,10,1402
1370,熊岗,2,10,1403
1371,杨岭,2,10,1404
1372,虹桥,27,134,1405
1373,金店三合,2,17,1407
1374,普陀,8,20,1406
1376,旅游,2,17,1409
1377,李家,2,17,1411
1379,绿化,2,17,1412
1380,新集,2,17,1414
1381,汝南,7,29,1413
1383,熊河,2,3,1415
1384,华夏新洲,2,17,1422
1385,马迹塘,5,7,1420
1386,殷汇,1,142,1421
1387,岳山,18,62,1423
1388,武湖,2,17,1418
1389,卅铺,1,1,1419
1390,马良,2,124,1424
1391,歇马,2,124,1425
1392,欧店,2,124,1426
1393,店垭,2,124,1427
1394,金山店,2,24,1428
1395,一二一,2,18,1429
1396,丰店,2,10,1430
1397,里店,2,17,1431
1398,高石牌,2,144,1432
1399,石板,17,171,1433
1400,巡店,2,10,1434
1401,三庙,10,21,1435
1402,青草,1,1,1436
1403,云雾山,2,17,1437
1404,将军山,2,17,1438
1405,方杨,2,17,1439
1406,大埠,2,17,1440
1407,双柳,2,17,1441
1408,金鼓,2,10,1442
1409,王家坊,2,2,1443
1410,杏花,2,2,1444
1411,荷花,2,4,1445
1413,中岭,2,17,1447
1414,武汉市一日游,2,17,1448
1415,漆河,5,51,1449
1416,龙车,4,205,1450
1417,陬市,5,51,1451
1418,候口,2,18,1452
1419,白庙河,2,2,1453
1420,万豪温泉谷,2,35,1454
1421,宏卿,2,24,1455
1422,三溪,2,24,1456
1423,仙岛湖,2,24,1457
1424,柯龙,2,17,1458
1425,马山口,7,30,1459
1426,民和,21,206,1460
1427,木兰古门,2,17,1461
1428,共青城,6,43,1462
1429,江都口,13,72,1463
1430,清凉寨,2,17,1464
1431,碧桂园温泉,2,35,1465
1432,碧桂园,2,17,1466
1433,太乙,2,35,1467
1434,叶县,7,128,1468
1435,汤浦,8,13,1469
1436,郁金香,2,17,1470
1437,杨湾,2,22,1471
1438,路口铺,5,55,1472
1439,长炼,5,55,1473
1440,洪河桥,1,165,1474
1441,六里坪,2,12,1475
1442,详市,2,17,1476
1443,千岛湖,8,92,1477
1444,新安江,8,92,1478
1445,东林庄温泉,6,43,1479
1446,温泉旅游,2,35,1480
1447,石青,2,17,1481
1448,绿阳,2,17,1482
1449,南河,2,53,1483
1450,洗马,2,2,1484
1451,周坳,2,2,1485
1452,黄县,3,37,1486
1453,朝天吼,2,4,1487
1454,全家源,6,43,1488
1455,宋溪,9,197,1489
1456,株林,6,43,1490
1457,罗集,2,178,1491
1458,茅江,2,28,1492
1459,晓溪塔,2,4,1493
1460,宜昌东,2,4,1494
1461,庙岭,2,36,1495
1462,白河,18,204,1496
1463,鲍峡,2,12,1497
1464,旬阳,18,204,1498
1465,临西,20,86,1499
1466,衡水,20,203,1500
1467,黄山头,2,3,1501
1468,马坡,31,199,1502
1469,营口,11,207,1503
1470,葫芦岛,11,159,1504
1471,口岸,13,85,1505
1472,北闸,2,3,1506
1473,雷州,9,80,1507
1474,城固,18,183,1508
1475,汉阴,18,204,1509
1476,石泉,18,204,1510
1477,西乡,18,183,1511
1478,场口,8,92,1512
1479,丁山,10,21,1513
1480,南浔,8,40,1514
1481,陆丰,9,197,1515
1482,扶沟,7,118,1516
1483,通许,7,145,1517
1484,尉氏,7,145,1518
1485,鄢陵,7,44,1519
1486,安顺,17,208,1520
1487,曲靖,29,209,1521
1488,泉山,13,151,1522
1489,习家口,2,18,1523
1490,黄花,2,4,1524
1491,高阳,20,88,1525
1492,桃林,5,55,1526
1493,老营,2,12,1527
1494,何店路口,2,68,1528
1495,草店,2,68,1529
1496,高城,2,68,1530
1497,吴家店,2,17,1531
1498,濮院,8,111,1532
1499,土关垭,2,12,1533
1500,龙腰,15,47,1534
1501,韭菜园,5,42,1535
1502,蔡岭,6,43,1536
1503,太平镇,2,74,1537
1504,三乡,9,210,1538
1505,园博园,2,17,1539
1506,安惠,2,211,1540
1507,赤惠,2,211,1541
1508,大优,2,211,1542
1509,大惠,2,211,1543
1510,泰惠,2,211,1544
1511,肖家巷,2,10,1546
1512,肖家港,2,10,1545
1513,东河,2,2,1547
1514,利水,2,211,1548
1515,新晃口,5,58,1549
1516,大阪店,2,211,1551
1517,侯惠,2,211,1552
1518,深水,2,211,1550
1519,姜惠,2,211,1554
1520,嘉惠,2,211,1553
1521,石惠,2,211,1555
1522,昆惠,2,211,1556
1523,龙惠,2,211,1557
1524,丫家,2,211,1558
1525,洛阳口,2,211,1559
1526,宁惠,2,211,1560
1527,启惠,2,211,1561
1528,邵惠,2,211,1562
1529,桐惠,2,211,1563
1530,胡营沟,2,211,1564
1531,扬惠,2,211,1565
1532,舟惠,2,211,1566
1533,凤翔路口,18,62,1567
1535,随州洛阳,2,68,1569
1536,府河随州,2,68,1570
1537,广水应山,2,68,1571
1538,伏水,2,68,1572
1539,补枣阳,2,53,1573
1540,石门黄陂,2,17,1574
1541,十棵松,2,17,1575
1542,补襄阳,2,53,1576
1543,龙佑,2,35,1580
1544,大灵,2,211,1578
1545,保安,20,214,1577
1546,华夏黄州,2,2,1582
1547,华夏黄石,2,24,1581
1548,荆襄矿,2,22,1579
1549,长岑关,2,2,1583
1550,四道河,2,2,1584
1551,北门,2,17,1585
1552,白象,8,106,1586
1553,余河,2,10,1587
1554,脱甲岭,2,2,1588
1555,一家岭,2,22,1589
1556,枣阳服务区,2,53,1590
1557,古风岭,2,2,1591
1558,陈墩,2,17,1592
1559,阳逻开发区,2,17,1593
1560,薄刀峰,2,2,1446
1561,补新野,7,30,1594
1562,鳌江,8,106,1595
1563,冬塔,5,55,1596
1564,河溶,2,4,1598
1565,石头店,2,4,1599
1566,泉岭,6,69,1600
1567,朋口,15,41,1601
1568,白果,2,2,1602
1569,薄刀峰往返,2,2,1603
1570,薄刀峰门票,2,2,1604
1571,补沙市,2,3,1605
1572,团陂联但店,2,2,1606
1573,团陂联三里畈,2,2,1607
1574,测试起点站,2,211,1608
1575,测试终点站,2,211,1609
47574,补宜昌,2,4,47608
3600002,华夏阳逻,2,17,3600002
3600003,测试,3600002,3600002,3600003
4400002,温泉,2,35,4400002
4400003,文墩,2,18,4400006
4400004,彭湖,2,25,4400005
4400005,监利一,2,3,4400007
4400006,柳关,2,3,4400008
4400007,十岗,2,68,4400009
4400008,净潭,2,18,4400010
4400009,丫角,2,3,4400012
4400010,运粮湖,2,3,4400013
4400011,肖巷,2,18,4400014
4400012,长岗,2,68,4400015
4400013,大洪山,2,68,4400016
4400014,金桥,2,68,4400017
4400015,刘店,2,68,4400018
4400016,随州柳林,2,68,4400019
4400017,随岳口,2,68,4400020
4400018,四通镇,7,33,4400021
4400019,张集,2,68,4400022
4400020,汉川李集,2,25,4400025
4400021,走马,2,74,4400024
4400022,亳州,1,104,1268
4400023,汉口北,2,17,4400026
4800003,矮桥,2,2,4800003
5600003,襄阳优,2,53,5600003
5600004,沙市优,2,3,5600004
5600005,荆州优,2,3,5600005
5600006,宜昌优,2,4,5600007
5600007,崇阳优,2,35,5600008
5600008,监利优,2,3,5600006
5600009,赤壁优,2,35,5600009
5600010,安陆优,2,10,5600011
5600011,麻城杜鹃花,2,2,5600012
5600012,黄石轿车,2,24,5600013
5600013,英山轿车,2,2,5600014
5600014,约租,2,17,5600015
5600015,王畈,2,22,5600016
5600016,田店,2,22,5600017
5600017,淮安优,13,31,5600018
5600018,天门高速,2,18,5600019
5600019,沅惠,5,58,5600020
5600020,平惠,8,106,5600021
5600021,赤壁学,2,35,5600022
5600022,云阳优,10,21,5600023
6400003,补滨州,3,5,6400003
6400004,补盐城,13,31,6400004
6400005,补建始,2,74,6400005
6400006,福安,15,188,6400006
6400007,松阳,8,143,6400007
6400008,天河机场VIP,2,17,6400008
6400009,英山约租,2,2,6400013
6400010,黄梅约租,2,2,6400015
6400011,罗田约租,2,2,6400016
6400012,沙市约租,2,3,6400009
6400013,宜昌约租,2,4,6400011
6400014,荆门约租,2,22,6400014
6400015,黄石约租,2,24,6400010
6400016,仙桃约租,2,19,6400012
6400017,丰都,10,21,6400017
6400018,张石,5,42,6400018
6400019,市内,2,17,6400019
6400020,鄂州商务,2,17,6400020
6400021,补钟祥,2,178,6400021
6400022,神农架松柏,2,124,1568
6400023,王城,2,53,6400023
6400024,天门优,2,18,6400028
6400025,仙桃优,2,18,6400029
6400026,随州优,2,68,6400026
6400027,枣阳优,2,2,6400030
6400028,公安优,2,2,6400027
6400030,补唐河,7,30,6400032
6400031,华夏大悟,2,2,6400034
6400032,华夏武穴,2,2,6400035
6400033,华夏黄梅,2,2,6400036
6400034,华夏鄂州,2,2,6400037
6400035,湖阳,7,30,6400033
6400036,随州长岭,2,68,6400038
6400037,黄州往返,2,2,6400039
6400038,红安往返,2,2,6400040
6400039,大悟往返,2,211,6400042
6400040,洪湖往返,2,28,6400041
6400041,黄石（金）,2,24,6400043
6400042,黄冈(金),2,2,6400044
6400043,英山(金),2,2,6400045
6400044,浠水（金）,2,2,6400046
6400045,黄梅(金),2,2,6400047
6400046,常德(金),5,51,6400048
6400047,澧县(金),5,51,6400049
6400048,公安(金),5,51,6400050
6400049,埠河(金),5,51,6400051
6400050,襄阳(金),2,53,6400052
6400051,襄阳北(金),2,53,6400053
6400052,丹江口(金),2,77,6400054
6400053,保康（金）,2,53,6400055
6400054,景德镇（金）,6,46,6400056
6400055,安庆（金）,1,1,6400057
6400056,宿松（金）,1,1,6400058
6400057,九江（金）,6,43,6400059
8800003,骆驼坳,2,2,8800003
8800004,巡检,2,22,8800004
8800006,贵河,1,1,8800006
8800007,檀术,7,9,8800007
8800008,杨春湖,2,17,8800008
8800009,加班,2,17,8800009
8800010,仙桃候机楼,2,19,8800010
9600004,卢市1,2,18,9600006
9600005,义和李集,2,10,9600007
9600006,监利二,2,3,9600017
9600007,上车湾,2,3,9600018
10400003,新洲高速,2,17,10400003
10400004,东铺,7,9,10400004
10400005,马乡,7,29,10400005
10400006,西阳店,7,29,10400006
10400007,麻城高速,2,2,10400008
10400008,麻城低速,2,2,10400009
10400009,罗田高速,2,2,10400010
10400010,罗田低速,2,2,10400011
10400011,老河口返程,2,17,321
10400012,汉口,2,17,4400026
10400013,三里畈温泉,2,2,550
10400014,临湘,5,55,769
10400015,肥东,13,85,847
10400016,项城口,7,93,10400013
10400017,项城老城,7,93,10400014
10400018,三角元,2,24,434
10400019,岳城,7,29,255
10400020,江吴,13,139,1037
10400021,安陆口,2,10,1320
10400022,砖集,1,165,872
10400023,李店,7,93,276
10400024,白店,7,29,255
10400025,滨西,24,149,818
10400026,寿县,1,79,212
10400027,风台,1,79,212
10400028,凤台,1,79,212
10400029,滑县,7,119,608
10400030,泰昌,27,134,510
10400031,赵李桥,5,7,650
10400032,太平桥,2,2,1310
